strategy,label,optimizer,epoch,lr,train_loss,train_acc,val_loss,val_acc,params,use_batchnorm,use_dropout,dropout_ratio,init_method
adam_baseline,Adam lr=0.001 + BN + Dropout,Adam,1,0.001,0.41347710142240734,95.81,0.1424772409796115,95.71,537354,True,True,0.5,he
adam_baseline,Adam lr=0.001 + BN + Dropout,Adam,2,0.001,0.19203326419068278,97.41,0.10152454125756362,96.78,537354,True,True,0.5,he
adam_baseline,Adam lr=0.001 + BN + Dropout,Adam,3,0.001,0.14954224248226658,98.08,0.08488289840553151,97.39,537354,True,True,0.5,he
adam_baseline,Adam lr=0.001 + BN + Dropout,Adam,4,0.001,0.12568968750384005,98.42,0.07330334968509467,97.78,537354,True,True,0.5,he
adam_baseline,Adam lr=0.001 + BN + Dropout,Adam,5,0.001,0.11106616109456845,98.72,0.06517222623144155,97.8,537354,True,True,0.5,he
adam_baseline,Adam lr=0.001 + BN + Dropout,Adam,6,0.001,0.09822500051524559,98.86,0.0654183326426808,97.92999999999999,537354,True,True,0.5,he
adam_baseline,Adam lr=0.001 + BN + Dropout,Adam,7,0.001,0.08758563555151778,98.95,0.06009725527220918,98.05,537354,True,True,0.5,he
adam_baseline,Adam lr=0.001 + BN + Dropout,Adam,8,0.001,0.08140336988212356,99.21,0.06138970234127324,98.1,537354,True,True,0.5,he
adam_baseline,Adam lr=0.001 + BN + Dropout,Adam,9,0.001,0.07637814447232945,99.36,0.0584165587128276,98.17,537354,True,True,0.5,he
adam_baseline,Adam lr=0.001 + BN + Dropout,Adam,10,0.001,0.07287217523845715,99.51,0.05622179767754344,98.21,537354,True,True,0.5,he
adam_baseline,Adam lr=0.001 + BN + Dropout,Adam,11,0.001,0.06630562469753588,99.58,0.054450209926583275,98.32,537354,True,True,0.5,he
adam_baseline,Adam lr=0.001 + BN + Dropout,Adam,12,0.001,0.06194787402202998,99.4,0.057371876631323156,98.32,537354,True,True,0.5,he
adam_baseline,Adam lr=0.001 + BN + Dropout,Adam,13,0.001,0.06016659334780904,99.57000000000001,0.054589197797583776,98.31,537354,True,True,0.5,he
adam_baseline,Adam lr=0.001 + BN + Dropout,Adam,14,0.001,0.054129067073555616,99.58,0.05503111267939419,98.38,537354,True,True,0.5,he
adam_baseline,Adam lr=0.001 + BN + Dropout,Adam,15,0.001,0.05418382626902342,99.63,0.05254701513784656,98.34,537354,True,True,0.5,he
adam_baseline,Adam lr=0.001 + BN + Dropout,Adam,16,0.001,0.04980886395413416,99.68,0.055748416187005934,98.28,537354,True,True,0.5,he
adam_baseline,Adam lr=0.001 + BN + Dropout,Adam,17,0.001,0.04863161347170944,99.83999999999999,0.053274379264528264,98.42999999999999,537354,True,True,0.5,he
adam_baseline,Adam lr=0.001 + BN + Dropout,Adam,18,0.001,0.047866936821589746,99.78,0.05147742841886373,98.39,537354,True,True,0.5,he
adam_baseline,Adam lr=0.001 + BN + Dropout,Adam,19,0.001,0.04338570637906053,99.77000000000001,0.05518698049372276,98.49,537354,True,True,0.5,he
adam_baseline,Adam lr=0.001 + BN + Dropout,Adam,20,0.001,0.04242737335252786,99.88,0.04987276067737645,98.5,537354,True,True,0.5,he
sgd_lr_0_01,SGD lr=0.01 + BN + Dropout,SGD,1,0.01,1.5578068551657682,82.75,0.8630502507344465,83.23,537354,True,True,0.5,he
sgd_lr_0_01,SGD lr=0.01 + BN + Dropout,SGD,2,0.01,0.8890514969139324,86.81,0.5571467120959673,87.5,537354,True,True,0.5,he
sgd_lr_0_01,SGD lr=0.01 + BN + Dropout,SGD,3,0.01,0.6780439870300669,88.44999999999999,0.44002126424976434,89.32,537354,True,True,0.5,he
sgd_lr_0_01,SGD lr=0.01 + BN + Dropout,SGD,4,0.01,0.5801902748470683,89.67,0.37053690690528196,90.47,537354,True,True,0.5,he
sgd_lr_0_01,SGD lr=0.01 + BN + Dropout,SGD,5,0.01,0.5152283136560699,90.51,0.3312754623692622,91.06,537354,True,True,0.5,he
sgd_lr_0_01,SGD lr=0.01 + BN + Dropout,SGD,6,0.01,0.4734687561968531,91.13,0.3012107831207833,91.56,537354,True,True,0.5,he
sgd_lr_0_01,SGD lr=0.01 + BN + Dropout,SGD,7,0.01,0.4428791720680729,91.77,0.2799720661735397,92.05,537354,True,True,0.5,he
sgd_lr_0_01,SGD lr=0.01 + BN + Dropout,SGD,8,0.01,0.4195509886225368,92.10000000000001,0.26560990162405057,92.32000000000001,537354,True,True,0.5,he
sgd_lr_0_01,SGD lr=0.01 + BN + Dropout,SGD,9,0.01,0.3984019491818503,92.46,0.25094038626992127,92.66,537354,True,True,0.5,he
sgd_lr_0_01,SGD lr=0.01 + BN + Dropout,SGD,10,0.01,0.3837189621455506,92.81,0.23957455209420722,92.97,537354,True,True,0.5,he
sgd_lr_0_01,SGD lr=0.01 + BN + Dropout,SGD,11,0.01,0.3714001319148152,93.16,0.23121721242876642,93.15,537354,True,True,0.5,he
sgd_lr_0_01,SGD lr=0.01 + BN + Dropout,SGD,12,0.01,0.3539337768046633,93.39,0.222718044856623,93.34,537354,True,True,0.5,he
sgd_lr_0_01,SGD lr=0.01 + BN + Dropout,SGD,13,0.01,0.3470129628197017,93.25,0.21944038287847606,93.31,537354,True,True,0.5,he
sgd_lr_0_01,SGD lr=0.01 + BN + Dropout,SGD,14,0.01,0.33509413340154015,93.82000000000001,0.2086264115872494,93.76,537354,True,True,0.5,he
sgd_lr_0_01,SGD lr=0.01 + BN + Dropout,SGD,15,0.01,0.3289203757539442,94.0,0.20171880668752268,93.95,537354,True,True,0.5,he
sgd_lr_0_01,SGD lr=0.01 + BN + Dropout,SGD,16,0.01,0.315688637015806,94.17999999999999,0.19597437519848776,94.08999999999999,537354,True,True,0.5,he
sgd_lr_0_01,SGD lr=0.01 + BN + Dropout,SGD,17,0.01,0.3092944376317264,94.12,0.19336753717430974,94.24,537354,True,True,0.5,he
sgd_lr_0_01,SGD lr=0.01 + BN + Dropout,SGD,18,0.01,0.30617099141603193,94.51,0.18590913132961231,94.53,537354,True,True,0.5,he
sgd_lr_0_01,SGD lr=0.01 + BN + Dropout,SGD,19,0.01,0.29389408336199385,94.65,0.18292583672524257,94.39999999999999,537354,True,True,0.5,he
sgd_lr_0_01,SGD lr=0.01 + BN + Dropout,SGD,20,0.01,0.29125411345478486,94.62,0.18124447292533413,94.42,537354,True,True,0.5,he
no_batchnorm,Adam lr=0.001 + no BN + Dropout,Adam,1,0.001,0.44181716122116266,95.11,0.15872209116982605,95.15,535818,False,True,0.5,he
no_batchnorm,Adam lr=0.001 + no BN + Dropout,Adam,2,0.001,0.18669152005029535,96.89999999999999,0.11203270009875166,96.65,535818,False,True,0.5,he
no_batchnorm,Adam lr=0.001 + no BN + Dropout,Adam,3,0.001,0.14226279744213408,97.72999999999999,0.09240573389239125,97.22,535818,False,True,0.5,he
no_batchnorm,Adam lr=0.001 + no BN + Dropout,Adam,4,0.001,0.11645795235976449,98.1,0.0794780094246643,97.45,535818,False,True,0.5,he
no_batchnorm,Adam lr=0.001 + no BN + Dropout,Adam,5,0.001,0.09942313555087019,98.54,0.07622189715687218,97.64,535818,False,True,0.5,he
no_batchnorm,Adam lr=0.001 + no BN + Dropout,Adam,6,0.001,0.0892268578266545,98.9,0.06380259618613326,98.07000000000001,535818,False,True,0.5,he
no_batchnorm,Adam lr=0.001 + no BN + Dropout,Adam,7,0.001,0.0807236300706902,99.1,0.06523819584027644,98.02,535818,False,True,0.5,he
no_batchnorm,Adam lr=0.001 + no BN + Dropout,Adam,8,0.001,0.0739381622155234,99.2,0.06590414219871213,97.96000000000001,535818,False,True,0.5,he
no_batchnorm,Adam lr=0.001 + no BN + Dropout,Adam,9,0.001,0.06791753610797625,99.26,0.06291508195340414,98.22999999999999,535818,False,True,0.5,he
no_batchnorm,Adam lr=0.001 + no BN + Dropout,Adam,10,0.001,0.06573379832640895,99.28,0.06038907757724578,98.22,535818,False,True,0.5,he
no_batchnorm,Adam lr=0.001 + no BN + Dropout,Adam,11,0.001,0.0585530150152431,99.35000000000001,0.06107052518745527,98.28,535818,False,True,0.5,he
no_batchnorm,Adam lr=0.001 + no BN + Dropout,Adam,12,0.001,0.05721505503222949,99.56,0.05940019430585146,98.28,535818,False,True,0.5,he
no_batchnorm,Adam lr=0.001 + no BN + Dropout,Adam,13,0.001,0.05217731308975739,99.6,0.05910985648065978,98.4,535818,False,True,0.5,he
no_batchnorm,Adam lr=0.001 + no BN + Dropout,Adam,14,0.001,0.04740360127189097,99.71,0.053814568259839726,98.52,535818,False,True,0.5,he
no_batchnorm,Adam lr=0.001 + no BN + Dropout,Adam,15,0.001,0.04545721438155608,99.69,0.05749036953716534,98.42999999999999,535818,False,True,0.5,he
no_batchnorm,Adam lr=0.001 + no BN + Dropout,Adam,16,0.001,0.04454411191794736,99.65,0.05450316885857607,98.44000000000001,535818,False,True,0.5,he
no_batchnorm,Adam lr=0.001 + no BN + Dropout,Adam,17,0.001,0.04263130295847684,99.67,0.06142906460046787,98.31,535818,False,True,0.5,he
no_batchnorm,Adam lr=0.001 + no BN + Dropout,Adam,18,0.001,0.04209052795814007,99.68,0.059445882638316086,98.38,535818,False,True,0.5,he
no_batchnorm,Adam lr=0.001 + no BN + Dropout,Adam,19,0.001,0.04155990796183254,99.76,0.05787849662522345,98.46000000000001,535818,False,True,0.5,he
no_batchnorm,Adam lr=0.001 + no BN + Dropout,Adam,20,0.001,0.03748967719105808,99.78,0.05718154705392942,98.45,535818,False,True,0.5,he
no_dropout,Adam lr=0.001 + BN + no Dropout,Adam,1,0.001,0.18532057624566867,98.15,0.09421956339357208,96.95,537354,True,False,0.0,he
no_dropout,Adam lr=0.001 + BN + no Dropout,Adam,2,0.001,0.06760796295056717,99.11999999999999,0.07560235193956195,97.64,537354,True,False,0.0,he
no_dropout,Adam lr=0.001 + BN + no Dropout,Adam,3,0.001,0.04228463764161593,99.5,0.07151822438183758,97.77,537354,True,False,0.0,he
no_dropout,Adam lr=0.001 + BN + no Dropout,Adam,4,0.001,0.02901919031282246,99.41,0.07017516617844187,97.77,537354,True,False,0.0,he
no_dropout,Adam lr=0.001 + BN + no Dropout,Adam,5,0.001,0.021856825361513597,99.69,0.07032776517638958,97.86,537354,True,False,0.0,he
no_dropout,Adam lr=0.001 + BN + no Dropout,Adam,6,0.001,0.018798457978244188,99.76,0.06357868057766278,98.09,537354,True,False,0.0,he
no_dropout,Adam lr=0.001 + BN + no Dropout,Adam,7,0.001,0.014807254547813162,99.61,0.07023511167979735,97.92999999999999,537354,True,False,0.0,he
no_dropout,Adam lr=0.001 + BN + no Dropout,Adam,8,0.001,0.01327616808811175,99.77000000000001,0.06461046176315749,98.14,537354,True,False,0.0,he
no_dropout,Adam lr=0.001 + BN + no Dropout,Adam,9,0.001,0.011951560698066927,99.68,0.07428841349007208,97.97,537354,True,False,0.0,he
no_dropout,Adam lr=0.001 + BN + no Dropout,Adam,10,0.001,0.010935757578709961,99.74,0.07543482561108501,97.92,537354,True,False,0.0,he
no_dropout,Adam lr=0.001 + BN + no Dropout,Adam,11,0.001,0.010542809248548599,99.8,0.0748823269838726,97.87,537354,True,False,0.0,he
no_dropout,Adam lr=0.001 + BN + no Dropout,Adam,12,0.001,0.009807528248749987,99.86,0.06738374019688448,98.18,537354,True,False,0.0,he
no_dropout,Adam lr=0.001 + BN + no Dropout,Adam,13,0.001,0.0071404255743936626,99.83,0.08132774673371024,98.00999999999999,537354,True,False,0.0,he
no_dropout,Adam lr=0.001 + BN + no Dropout,Adam,14,0.001,0.011164832149676535,99.89,0.07041597681293973,98.2,537354,True,False,0.0,he
no_dropout,Adam lr=0.001 + BN + no Dropout,Adam,15,0.001,0.007273321763340489,99.9,0.0677406202360544,98.3,537354,True,False,0.0,he
no_dropout,Adam lr=0.001 + BN + no Dropout,Adam,16,0.001,0.0061718471560830036,99.92999999999999,0.06655463183545467,98.36,537354,True,False,0.0,he
no_dropout,Adam lr=0.001 + BN + no Dropout,Adam,17,0.001,0.008895334837548667,99.86,0.0736937299374977,98.2,537354,True,False,0.0,he
no_dropout,Adam lr=0.001 + BN + no Dropout,Adam,18,0.001,0.00552810238215855,99.92,0.07539078918007938,98.21,537354,True,False,0.0,he
no_dropout,Adam lr=0.001 + BN + no Dropout,Adam,19,0.001,0.005814189878393193,99.91,0.07877333174405726,98.13,537354,True,False,0.0,he
no_dropout,Adam lr=0.001 + BN + no Dropout,Adam,20,0.001,0.005556307400091389,99.88,0.07725112290392154,98.17,537354,True,False,0.0,he
adam_lr_0_01,Adam lr=0.01 + BN + Dropout,Adam,1,0.01,0.28315190829596976,96.63000000000001,0.11400296484903219,96.33,537354,True,True,0.5,he
adam_lr_0_01,Adam lr=0.01 + BN + Dropout,Adam,2,0.01,0.1673434819789177,97.88,0.08798823687668897,97.27,537354,True,True,0.5,he
adam_lr_0_01,Adam lr=0.01 + BN + Dropout,Adam,3,0.01,0.13591030401853238,98.18,0.08245716482175441,97.59,537354,True,True,0.5,he
adam_lr_0_01,Adam lr=0.01 + BN + Dropout,Adam,4,0.01,0.12099410455565597,98.56,0.07134047882912033,97.78,537354,True,True,0.5,he
adam_lr_0_01,Adam lr=0.01 + BN + Dropout,Adam,5,0.01,0.10858540176517607,98.83999999999999,0.0659912483152741,97.94,537354,True,True,0.5,he
adam_lr_0_01,Adam lr=0.01 + BN + Dropout,Adam,6,0.01,0.09893880404048615,99.03999999999999,0.06388843067651401,97.89999999999999,537354,True,True,0.5,he
adam_lr_0_01,Adam lr=0.01 + BN + Dropout,Adam,7,0.01,0.09665711919072505,99.1,0.06642564124919398,97.98,537354,True,True,0.5,he
adam_lr_0_01,Adam lr=0.01 + BN + Dropout,Adam,8,0.01,0.09201607008629974,99.25,0.06140990045429143,98.16,537354,True,True,0.5,he
adam_lr_0_01,Adam lr=0.01 + BN + Dropout,Adam,9,0.01,0.08559866398718083,99.26,0.06015589355700929,98.2,537354,True,True,0.5,he
adam_lr_0_01,Adam lr=0.01 + BN + Dropout,Adam,10,0.01,0.0796208747083181,99.27,0.05970319406198167,98.18,537354,True,True,0.5,he
adam_lr_0_01,Adam lr=0.01 + BN + Dropout,Adam,11,0.01,0.07688060672978801,99.42999999999999,0.06037946770899242,98.13,537354,True,True,0.5,he
adam_lr_0_01,Adam lr=0.01 + BN + Dropout,Adam,12,0.01,0.07595273380393537,99.52,0.059778706717977456,98.18,537354,True,True,0.5,he
adam_lr_0_01,Adam lr=0.01 + BN + Dropout,Adam,13,0.01,0.07276493053315904,99.5,0.05714008470450594,98.16,537354,True,True,0.5,he
adam_lr_0_01,Adam lr=0.01 + BN + Dropout,Adam,14,0.01,0.06830559020800211,99.56,0.06085261463369251,98.15,537354,True,True,0.5,he
adam_lr_0_01,Adam lr=0.01 + BN + Dropout,Adam,15,0.01,0.06933505843569575,99.63,0.05565833579694079,98.35000000000001,537354,True,True,0.5,he
adam_lr_0_01,Adam lr=0.01 + BN + Dropout,Adam,16,0.01,0.06368069686807737,99.64,0.059405694586774374,98.3,537354,True,True,0.5,he
adam_lr_0_01,Adam lr=0.01 + BN + Dropout,Adam,17,0.01,0.06411380156843689,99.6,0.054534325920628554,98.35000000000001,537354,True,True,0.5,he
adam_lr_0_01,Adam lr=0.01 + BN + Dropout,Adam,18,0.01,0.061198353828928125,99.75,0.05551749610475906,98.38,537354,True,True,0.5,he
adam_lr_0_01,Adam lr=0.01 + BN + Dropout,Adam,19,0.01,0.06044738565784821,99.7,0.05828234036869345,98.38,537354,True,True,0.5,he
adam_lr_0_01,Adam lr=0.01 + BN + Dropout,Adam,20,0.01,0.05968082294755564,99.71,0.05781679708743859,98.31,537354,True,True,0.5,he
adam_lr_decay,Adam lr decay 0.01*0.6^epoch + BN + Dropout,Adam,1,0.01,0.2799909760781622,97.0,0.11228679868608585,96.35000000000001,537354,True,True,0.5,he
adam_lr_decay,Adam lr decay 0.01*0.6^epoch + BN + Dropout,Adam,2,0.006,0.14518936043860584,98.08,0.07962278792559345,97.50999999999999,537354,True,True,0.5,he
adam_lr_decay,Adam lr decay 0.01*0.6^epoch + BN + Dropout,Adam,3,0.0036,0.11048262358015058,98.77,0.06477419899648046,98.03,537354,True,True,0.5,he
adam_lr_decay,Adam lr decay 0.01*0.6^epoch + BN + Dropout,Adam,4,0.0021599999999999996,0.08733421914233365,99.08,0.06086849958462883,98.00999999999999,537354,True,True,0.5,he
adam_lr_decay,Adam lr decay 0.01*0.6^epoch + BN + Dropout,Adam,5,0.001296,0.07474345329136654,99.31,0.05599792482017652,98.21,537354,True,True,0.5,he
adam_lr_decay,Adam lr decay 0.01*0.6^epoch + BN + Dropout,Adam,6,0.0007775999999999998,0.06580326002502335,99.39,0.05402524611810696,98.28,537354,True,True,0.5,he
adam_lr_decay,Adam lr decay 0.01*0.6^epoch + BN + Dropout,Adam,7,0.0004665599999999999,0.062178758576381894,99.41,0.05249129939794949,98.25,537354,True,True,0.5,he
adam_lr_decay,Adam lr decay 0.01*0.6^epoch + BN + Dropout,Adam,8,0.00027993599999999994,0.05738530725855917,99.47,0.05184735564384992,98.34,537354,True,True,0.5,he
adam_lr_decay,Adam lr decay 0.01*0.6^epoch + BN + Dropout,Adam,9,0.00016796159999999993,0.05386947965005727,99.5,0.052091672341492735,98.38,537354,True,True,0.5,he
adam_lr_decay,Adam lr decay 0.01*0.6^epoch + BN + Dropout,Adam,10,0.00010077695999999997,0.05281671441297422,99.51,0.05162311078745199,98.36,537354,True,True,0.5,he
adam_lr_decay,Adam lr decay 0.01*0.6^epoch + BN + Dropout,Adam,11,6.0466175999999974e-05,0.053277789840693604,99.48,0.05170016767732433,98.4,537354,True,True,0.5,he
adam_lr_decay,Adam lr decay 0.01*0.6^epoch + BN + Dropout,Adam,12,3.627970559999999e-05,0.05331511642235186,99.56,0.05095363037262952,98.41,537354,True,True,0.5,he
adam_lr_decay,Adam lr decay 0.01*0.6^epoch + BN + Dropout,Adam,13,2.1767823359999992e-05,0.05238006466596491,99.53,0.05124368019841556,98.41,537354,True,True,0.5,he
adam_lr_decay,Adam lr decay 0.01*0.6^epoch + BN + Dropout,Adam,14,1.3060694015999994e-05,0.05273578875849726,99.56,0.051397342636974576,98.38,537354,True,True,0.5,he
adam_lr_decay,Adam lr decay 0.01*0.6^epoch + BN + Dropout,Adam,15,7.836416409599996e-06,0.05286385908489936,99.53,0.05105568193376221,98.39,537354,True,True,0.5,he
adam_lr_decay,Adam lr decay 0.01*0.6^epoch + BN + Dropout,Adam,16,4.701849845759998e-06,0.05202565015578067,99.55000000000001,0.052066518144867055,98.37,537354,True,True,0.5,he
adam_lr_decay,Adam lr decay 0.01*0.6^epoch + BN + Dropout,Adam,17,2.8211099074559985e-06,0.05333678124115258,99.53999999999999,0.05189642808193441,98.38,537354,True,True,0.5,he
adam_lr_decay,Adam lr decay 0.01*0.6^epoch + BN + Dropout,Adam,18,1.6926659444735988e-06,0.05357893102192177,99.52,0.05118377799150932,98.4,537354,True,True,0.5,he
adam_lr_decay,Adam lr decay 0.01*0.6^epoch + BN + Dropout,Adam,19,1.0155995666841593e-06,0.055550727561188555,99.58,0.05113053810106187,98.41,537354,True,True,0.5,he
adam_lr_decay,Adam lr decay 0.01*0.6^epoch + BN + Dropout,Adam,20,6.093597400104956e-07,0.05277007010394586,99.53999999999999,0.051479344087417916,98.37,537354,True,True,0.5,he
